<tree id='0'><item text='index' id='index.html'><item text='dhtmlxdataprocessor client side initialization' id='dhtmlxdataprocessor___client_side_initialization.html'></item><item text='dhtmlxdataprocessor adjusting server side code' id='dhtmlxdataprocessor___adjusting_server_side_code.html'></item><item text='dhtmlxdataprocessor debug mode' id='dhtmlxdataprocessor___debug_mode.html'></item><item text='dhtmlxdataprocessor data sending modes' id='dhtmlxdataprocessor___data_sending_modes.html'></item><item text='dhtmlxdataprocessor custom server side responses' id='dhtmlxdataprocessor___custom_server_side_responses.html'></item><item text='dhtmlxdataprocessor events' id='dhtmlxdataprocessor___events.html'><item text='dhtmlxdataprocessor event onbeforeupdate' id='dhtmlxdataprocessor___event_onbeforeupdate.html'></item><item text='dhtmlxdataprocessor event onbeforedatasending' id='dhtmlxdataprocessor___event_onbeforedatasending.html'></item><item text='dhtmlxdataprocessor event onafterupdate' id='dhtmlxdataprocessor___event_onafterupdate.html'></item><item text='dhtmlxdataprocessor event onafterupdatefinish' id='dhtmlxdataprocessor___event_onafterupdatefinish.html'></item><item text='dhtmlxdataprocessor event onfullsync' id='dhtmlxdataprocessor___event_onfullsync.html'></item></item><item text='dhtmlxdataprocessor validation' id='dhtmlxdataprocessor___validation.html'><item text='dhtmlxdataprocessor event onvalidatationerror' id='dhtmlxdataprocessor___event_onvalidatationerror.html'></item></item><item text='dhtmlxdataprocessor customizing color marking' id='dhtmlxdataprocessor___customizing_color_marking.html'><item text='dhtmlxdataprocessor event onrowmark' id='dhtmlxdataprocessor___event_onrowmark.html'></item></item><item text='dhtmlxdataprocessor common tasks' id='dhtmlxdataprocessor___common_tasks.html'></item><item text='dhtmlxdataprocessor common errors' id='dhtmlxdataprocessor___common_errors.html'></item><item text='dhtmlxdataprocessor api toc alpha' id='dhtmlxdataprocessor___api_toc_alpha.html'><item text='dhtmlxdataprocessor api method dataprocessor afterupdatecallback' id='dhtmlxdataprocessor___api_method_dataprocessor_afterupdatecallback.html'></item><item text='dhtmlxdataprocessor api method dataprocessor attachevent' id='dhtmlxdataprocessor___api_method_dataprocessor_attachevent.html'></item><item text='dhtmlxdataprocessor api method dataprocessor checkbeforeupdate' id='dhtmlxdataprocessor___api_method_dataprocessor_checkbeforeupdate.html'></item><item text='dhtmlxdataprocessor api method dataprocessor clearverificator' id='dhtmlxdataprocessor___api_method_dataprocessor_clearverificator.html'></item><item text='dhtmlxdataprocessor api method dataprocessor detachevent' id='dhtmlxdataprocessor___api_method_dataprocessor_detachevent.html'></item><item text='dhtmlxdataprocessor api method dataprocessor enabledatanames' id='dhtmlxdataprocessor___api_method_dataprocessor_enabledatanames.html'></item><item text='dhtmlxdataprocessor api method dataprocessor enablepartialdatasend' id='dhtmlxdataprocessor___api_method_dataprocessor_enablepartialdatasend.html'></item><item text='dhtmlxdataprocessor api method dataprocessor enableutfencoding' id='dhtmlxdataprocessor___api_method_dataprocessor_enableutfencoding.html'></item><item text='dhtmlxdataprocessor api method dataprocessor getsyncstate' id='dhtmlxdataprocessor___api_method_dataprocessor_getsyncstate.html'></item><item text='dhtmlxdataprocessor api method dataprocessor init' id='dhtmlxdataprocessor___api_method_dataprocessor_init.html'></item><item text='dhtmlxdataprocessor api method dataprocessor ignore' id='dhtmlxdataprocessor___api_method_dataprocessor_ignore.html'></item><item text='dhtmlxdataprocessor api method dataprocessor senddata' id='dhtmlxdataprocessor___api_method_dataprocessor_senddata.html'></item><item text='dhtmlxdataprocessor api method dataprocessor setdatacolumns' id='dhtmlxdataprocessor___api_method_dataprocessor_setdatacolumns.html'></item><item text='dhtmlxdataprocessor api method dataprocessor setonbeforeupdatehandler' id='dhtmlxdataprocessor___api_method_dataprocessor_setonbeforeupdatehandler.html'></item><item text='dhtmlxdataprocessor api method dataprocessor settransactionmode' id='dhtmlxdataprocessor___api_method_dataprocessor_settransactionmode.html'></item><item text='dhtmlxdataprocessor api method dataprocessor setupdated' id='dhtmlxdataprocessor___api_method_dataprocessor_setupdated.html'></item><item text='dhtmlxdataprocessor api method dataprocessor setupdatemode' id='dhtmlxdataprocessor___api_method_dataprocessor_setupdatemode.html'></item><item text='dhtmlxdataprocessor api method dataprocessor setverificator' id='dhtmlxdataprocessor___api_method_dataprocessor_setverificator.html'></item></item><item text='dhtmlxdataprocessor api toc categories' id='dhtmlxdataprocessor___api_toc_categories.html'></item></item></tree>