<?xml version='1.0' encoding='iso-8859-1'?>
<tree id="0">
	<item text="Books" id="books" open="1" call="1" select="1">
		<item text="Mystery !!! &amp; Thrillers" id="mystery" open="1">
			<item text="Bestsellers" id="bsthrillers" >
				<item text="Lawrence Block" id="lb"></item>
			</item>
			<item text="Robert Crais" id="rc" ></item>
			<item text="Ian Rankin" id="ir" ></item>
			<item text="James Patterson" id="jp" ></item>
			<item text="Nancy Atherton" id="na" ></item>
		</item>
		<item text="History" id="history" >
			<item text="John Mack Faragher" id="jmf" ></item>
			<item text="Jim Dwyer" id="jd" ></item>
			<item text="Larry Schweikart" id="ls" ></item>
			<item text="R. Lee Ermey" id="rle" ></item>
		</item>
		<item text="Horror" id="horror">
			<item text="Stephen King" id="sk" ></item>
			<item text="Dan Brown" id="db" ></item>
			<item text="Mary Janice Davidson" id="mjd" ></item>
			<item text="Katie Macalister" id="km" ></item>
		</item>
		<item text="Science Fiction &amp; Fantasy" id="fantasy">
			<item text="Audrey Niffenegger" id="af" ></item>
			<item text="Philip Roth" id="pr" ></item>
		</item>
		<item text="Sport" id="sport" >
			<item text="Bill Reynolds" id="br" ></item>
		</item>
		<item text="Teens" id="teens" >
			<item text="Joss Whedon" id="jw" ></item>
			<item text="Meg Cabot" id="mc" ></item>
			<item text="Garth Nix" id="gn" ></item>
			<item text="Ann Brashares" id="ab" ></item>
		</item>
	</item>
	<item text="Magazines" id="magazines" open="1">
		<item text="Sport" id="mag_sp"></item>
	</item>
</tree> 
