<tree id='0'><item text='index' id='index.html'><item text='others supported browsers' id='others___supported_browsers.html'></item><item text='dhtmlxtree initialization of dhtmlxtree' id='dhtmlxtree___initialization_of_dhtmlxtree.html'></item><item text='dhtmlxtree nodes manipulation' id='dhtmlxtree___nodes_manipulation.html'></item><item text='dhtmlxtree drag and drop handling' id='dhtmlxtree___drag_and_drop_handling.html'></item><item text='dhtmlxtree setting tree appearance' id='dhtmlxtree___setting_tree_appearance.html'></item><item text='dhtmlxtree checkboxes manipulation' id='dhtmlxtree___checkboxes_manipulation.html'></item><item text='dhtmlxtree radio buttons manipulation' id='dhtmlxtree___radio_buttons_manipulation.html'></item><item text='dhtmlxtree navigation and selection in tree' id='dhtmlxtree___navigation_and_selection_in_tree.html'></item><item text='dhtmlxtree searching and sorting in tree' id='dhtmlxtree___searching_and_sorting_in_tree.html'></item><item text='dhtmlxtree serialization caching and removing tree' id='dhtmlxtree___serialization_caching_and_removing_tree.html'></item><item text='dhtmlxtree increasing tree s performance' id='dhtmlxtree___increasing_tree_s_performance.html'></item><item text='dhtmlxtree compatibility with other dhtmlx components' id='dhtmlxtree___compatibility_with_other_dhtmlx_components.html'></item><item text='dhtmlxtree syntax templates' id='dhtmlxtree___syntax_templates.html'></item><item text='dhtmlxtree events handling' id='dhtmlxtree___events_handling.html'><item text='dhtmlxtree event onbeforedrag' id='dhtmlxtree___event_onbeforedrag.html'></item><item text='dhtmlxtree event ondrag' id='dhtmlxtree___event_ondrag.html'></item><item text='dhtmlxtree event ondragin' id='dhtmlxtree___event_ondragin.html'></item><item text='dhtmlxtree event ondrop' id='dhtmlxtree___event_ondrop.html'></item><item text='dhtmlxtree event onedit' id='dhtmlxtree___event_onedit.html'></item><item text='dhtmlxtree event onbeforecheck' id='dhtmlxtree___event_onbeforecheck.html'></item><item text='dhtmlxtree event oncheck' id='dhtmlxtree___event_oncheck.html'></item><item text='dhtmlxtree event onxls' id='dhtmlxtree___event_onxls.html'></item><item text='dhtmlxtree event onxle' id='dhtmlxtree___event_onxle.html'></item><item text='dhtmlxtree event onmousein' id='dhtmlxtree___event_onmousein.html'></item><item text='dhtmlxtree event onmouseout' id='dhtmlxtree___event_onmouseout.html'></item><item text='dhtmlxtree event onopenstart' id='dhtmlxtree___event_onopenstart.html'></item><item text='dhtmlxtree event onopenend' id='dhtmlxtree___event_onopenend.html'></item><item text='dhtmlxtree event ondblclick' id='dhtmlxtree___event_ondblclick.html'></item><item text='dhtmlxtree event onopendynamicend' id='dhtmlxtree___event_onopendynamicend.html'></item><item text='dhtmlxtree event onrightclick' id='dhtmlxtree___event_onrightclick.html'></item><item text='dhtmlxtree event onclick' id='dhtmlxtree___event_onclick.html'></item><item text='dhtmlxtree event onselect' id='dhtmlxtree___event_onselect.html'></item></item><item text='dhtmlxtree simultaneous server update' id='dhtmlxtree___simultaneous_server_update.html'></item><item text='dhtmlxtree error handling' id='dhtmlxtree___error_handling.html'></item><item text='dhtmlxtree api constructor' id='dhtmlxtree___api_constructor.html'><item text='dhtmlxtree api constructor object' id='dhtmlxtree___api_constructor_object.html'></item></item><item text='dhtmlxtree api toc alpha' id='dhtmlxtree___api_toc_alpha.html'></item><item text='dhtmlxtree api toc categories' id='dhtmlxtree___api_toc_categories.html'><item text='dhtmlxtree api method dhtmlxtreeobject enablehighlighting' id='dhtmlxtree___api_method_dhtmlxtreeobject_enablehighlighting.html'></item><item text='dhtmlxtree api method dhtmlxtreeobject enableieimagefix' id='dhtmlxtree___api_method_dhtmlxtreeobject_enableieimagefix.html'></item><item text='dhtmlxtree api method dhtmlxtreeobject enableloadingitem' id='dhtmlxtree___api_method_dhtmlxtreeobject_enableloadingitem.html'></item><item text='dhtmlxtree api method dhtmlxtreeobject enablemultilineitems' id='dhtmlxtree___api_method_dhtmlxtreeobject_enablemultilineitems.html'></item><item text='dhtmlxtree api method dhtmlxtreeobject enabletextsigns' id='dhtmlxtree___api_method_dhtmlxtreeobject_enabletextsigns.html'></item><item text='dhtmlxtree api method dhtmlxtreeobject enabletreeimages' id='dhtmlxtree___api_method_dhtmlxtreeobject_enabletreeimages.html'></item><item text='dhtmlxtree api method dhtmlxtreeobject enabletreelines' id='dhtmlxtree___api_method_dhtmlxtreeobject_enabletreelines.html'></item><item text='dhtmlxtree api method dhtmlxtreeobject seticonsize' id='dhtmlxtree___api_method_dhtmlxtreeobject_seticonsize.html'></item><item text='dhtmlxtree api method dhtmlxtreeobject setitemcolor' id='dhtmlxtree___api_method_dhtmlxtreeobject_setitemcolor.html'></item><item text='dhtmlxtree api method dhtmlxtreeobject setitemimage' id='dhtmlxtree___api_method_dhtmlxtreeobject_setitemimage.html'></item><item text='dhtmlxtree api method dhtmlxtreeobject setitemimage2' id='dhtmlxtree___api_method_dhtmlxtreeobject_setitemimage2.html'></item><item text='dhtmlxtree api method dhtmlxtreeobject setitemstyle' id='dhtmlxtree___api_method_dhtmlxtreeobject_setitemstyle.html'></item><item text='dhtmlxtree api method dhtmlxtreeobject setitemtopoffset' id='dhtmlxtree___api_method_dhtmlxtreeobject_setitemtopoffset.html'></item><item text='dhtmlxtree api method dhtmlxtreeobject setlockedicons' id='dhtmlxtree___api_method_dhtmlxtreeobject_setlockedicons.html'></item><item text='dhtmlxtree api method dhtmlxtreeobject showitemsign' id='dhtmlxtree___api_method_dhtmlxtreeobject_showitemsign.html'></item><item text='dhtmlxtree api method dhtmlxtreeobject disablecheckbox' id='dhtmlxtree___api_method_dhtmlxtreeobject_disablecheckbox.html'></item><item text='dhtmlxtree api method dhtmlxtreeobject enablecheckboxes' id='dhtmlxtree___api_method_dhtmlxtreeobject_enablecheckboxes.html'></item><item text='dhtmlxtree api method dhtmlxtreeobject enableradiobuttons' id='dhtmlxtree___api_method_dhtmlxtreeobject_enableradiobuttons.html'></item><item text='dhtmlxtree api method dhtmlxtreeobject enablesingleradiomode' id='dhtmlxtree___api_method_dhtmlxtreeobject_enablesingleradiomode.html'></item><item text='dhtmlxtree api method dhtmlxtreeobject enablesmartcheckboxes' id='dhtmlxtree___api_method_dhtmlxtreeobject_enablesmartcheckboxes.html'></item><item text='dhtmlxtree api method dhtmlxtreeobject enablethreestatecheckboxes' id='dhtmlxtree___api_method_dhtmlxtreeobject_enablethreestatecheckboxes.html'></item><item text='dhtmlxtree api method dhtmlxtreeobject setcheck' id='dhtmlxtree___api_method_dhtmlxtreeobject_setcheck.html'></item><item text='dhtmlxtree api method dhtmlxtreeobject setsubchecked' id='dhtmlxtree___api_method_dhtmlxtreeobject_setsubchecked.html'></item><item text='dhtmlxtree api method dhtmlxtreeobject showitemcheckbox' id='dhtmlxtree___api_method_dhtmlxtreeobject_showitemcheckbox.html'></item><item text='dhtmlxtree api method dhtmlxtreeobject attachevent' id='dhtmlxtree___api_method_dhtmlxtreeobject_attachevent.html'></item><item text='dhtmlxtree api method dhtmlxtreeobject destructor' id='dhtmlxtree___api_method_dhtmlxtreeobject_destructor.html'></item><item text='dhtmlxtree api method dhtmlxtreeobject detachevent' id='dhtmlxtree___api_method_dhtmlxtreeobject_detachevent.html'></item><item text='dhtmlxtree api method dhtmlxtreeobject enableactiveimages' id='dhtmlxtree___api_method_dhtmlxtreeobject_enableactiveimages.html'></item><item text='dhtmlxtree api method dhtmlxtreeobject enableautotooltips' id='dhtmlxtree___api_method_dhtmlxtreeobject_enableautotooltips.html'></item><item text='dhtmlxtree api method dhtmlxtreeobject enablecontextmenu' id='dhtmlxtree___api_method_dhtmlxtreeobject_enablecontextmenu.html'></item><item text='dhtmlxtree api method dhtmlxtreeobject enablertl' id='dhtmlxtree___api_method_dhtmlxtreeobject_enablertl.html'></item><item text='dhtmlxtree api method dhtmlxtreeobject locktree' id='dhtmlxtree___api_method_dhtmlxtreeobject_locktree.html'></item><item text='dhtmlxtree api method dhtmlxtreeobject setchildcalchtml' id='dhtmlxtree___api_method_dhtmlxtreeobject_setchildcalchtml.html'></item><item text='dhtmlxtree api method dhtmlxtreeobject setchildcalcmode' id='dhtmlxtree___api_method_dhtmlxtreeobject_setchildcalcmode.html'></item><item text='dhtmlxtree api method dhtmlxtreeobject seteditstartaction' id='dhtmlxtree___api_method_dhtmlxtreeobject_seteditstartaction.html'></item><item text='dhtmlxtree api method dhtmlxtreeobject setescapingmode' id='dhtmlxtree___api_method_dhtmlxtreeobject_setescapingmode.html'></item><item text='dhtmlxtree api method dhtmlxtreeobject seticonpath' id='dhtmlxtree___api_method_dhtmlxtreeobject_seticonpath.html'></item><item text='dhtmlxtree api method dhtmlxtreeobject setimagearrays' id='dhtmlxtree___api_method_dhtmlxtreeobject_setimagearrays.html'></item><item text='dhtmlxtree api method dhtmlxtreeobject setimagepath' id='dhtmlxtree___api_method_dhtmlxtreeobject_setimagepath.html'></item><item text='dhtmlxtree api method dhtmlxtreeobject setitemcontextmenu' id='dhtmlxtree___api_method_dhtmlxtreeobject_setitemcontextmenu.html'></item><item text='dhtmlxtree api method dhtmlxtreeobject setlistdelimeter' id='dhtmlxtree___api_method_dhtmlxtreeobject_setlistdelimeter.html'></item><item text='dhtmlxtree api method dhtmlxtreeobject setondblclickhandler' id='dhtmlxtree___api_method_dhtmlxtreeobject_setondblclickhandler.html'></item><item text='dhtmlxtree api method dhtmlxtreeobject setstdimages' id='dhtmlxtree___api_method_dhtmlxtreeobject_setstdimages.html'></item><item text='dhtmlxtree api method dhtmlxtreeobject enableautosavingselected' id='dhtmlxtree___api_method_dhtmlxtreeobject_enableautosavingselected.html'></item><item text='dhtmlxtree api method dhtmlxtreeobject restoreselecteditem' id='dhtmlxtree___api_method_dhtmlxtreeobject_restoreselecteditem.html'></item><item text='dhtmlxtree api method dhtmlxtreeobject saveopenstates' id='dhtmlxtree___api_method_dhtmlxtreeobject_saveopenstates.html'></item><item text='dhtmlxtree api method dhtmlxtreeobject saveselecteditem' id='dhtmlxtree___api_method_dhtmlxtreeobject_saveselecteditem.html'></item><item text='dhtmlxtree api method dhtmlxtreeobject savestate' id='dhtmlxtree___api_method_dhtmlxtreeobject_savestate.html'></item><item text='dhtmlxtree api method dhtmlxtreeobject defineitemform' id='dhtmlxtree___api_method_dhtmlxtreeobject_defineitemform.html'></item><item text='dhtmlxtree api method dhtmlxtreeobject enabledistributedparsing' id='dhtmlxtree___api_method_dhtmlxtreeobject_enabledistributedparsing.html'></item><item text='dhtmlxtree api method dhtmlxtreeobject enablesmartrendering' id='dhtmlxtree___api_method_dhtmlxtreeobject_enablesmartrendering.html'></item><item text='dhtmlxtree api method dhtmlxtreeobject enablesmartxmlparsing' id='dhtmlxtree___api_method_dhtmlxtreeobject_enablesmartxmlparsing.html'></item><item text='dhtmlxtree api method dhtmlxtreeobject hideitemform' id='dhtmlxtree___api_method_dhtmlxtreeobject_hideitemform.html'></item><item text='dhtmlxtree api method dhtmlxtreeobject loadcsv' id='dhtmlxtree___api_method_dhtmlxtreeobject_loadcsv.html'></item><item text='dhtmlxtree api method dhtmlxtreeobject loadcsvstring' id='dhtmlxtree___api_method_dhtmlxtreeobject_loadcsvstring.html'></item><item text='dhtmlxtree api method dhtmlxtreeobject loadjsarray' id='dhtmlxtree___api_method_dhtmlxtreeobject_loadjsarray.html'></item><item text='dhtmlxtree api method dhtmlxtreeobject loadjsarrayfile' id='dhtmlxtree___api_method_dhtmlxtreeobject_loadjsarrayfile.html'></item><item text='dhtmlxtree api method dhtmlxtreeobject loadjson' id='dhtmlxtree___api_method_dhtmlxtreeobject_loadjson.html'></item><item text='dhtmlxtree api method dhtmlxtreeobject loadjsonobject' id='dhtmlxtree___api_method_dhtmlxtreeobject_loadjsonobject.html'></item><item text='dhtmlxtree api method dhtmlxtreeobject loadopenstates' id='dhtmlxtree___api_method_dhtmlxtreeobject_loadopenstates.html'></item><item text='dhtmlxtree api method dhtmlxtreeobject loadstate' id='dhtmlxtree___api_method_dhtmlxtreeobject_loadstate.html'></item><item text='dhtmlxtree api method dhtmlxtreeobject loadxml' id='dhtmlxtree___api_method_dhtmlxtreeobject_loadxml.html'></item><item text='dhtmlxtree api method dhtmlxtreeobject loadxmlstring' id='dhtmlxtree___api_method_dhtmlxtreeobject_loadxmlstring.html'></item><item text='dhtmlxtree api method dhtmlxtreeobject preventiecaching' id='dhtmlxtree___api_method_dhtmlxtreeobject_preventiecaching.html'></item><item text='dhtmlxtree api method dhtmlxtreeobject refreshitem' id='dhtmlxtree___api_method_dhtmlxtreeobject_refreshitem.html'></item><item text='dhtmlxtree api method dhtmlxtreeobject refreshitems' id='dhtmlxtree___api_method_dhtmlxtreeobject_refreshitems.html'></item><item text='dhtmlxtree api method dhtmlxtreeobject registerxmlentity' id='dhtmlxtree___api_method_dhtmlxtreeobject_registerxmlentity.html'></item><item text='dhtmlxtree api method dhtmlxtreeobject setdatamode' id='dhtmlxtree___api_method_dhtmlxtreeobject_setdatamode.html'></item><item text='dhtmlxtree api method dhtmlxtreeobject setxmlautoloading' id='dhtmlxtree___api_method_dhtmlxtreeobject_setxmlautoloading.html'></item><item text='dhtmlxtree api method dhtmlxtreeobject setxmlautoloadingbehaviour' id='dhtmlxtree___api_method_dhtmlxtreeobject_setxmlautoloadingbehaviour.html'></item><item text='dhtmlxtree api method dhtmlxtreeobject smartrefreshbranch' id='dhtmlxtree___api_method_dhtmlxtreeobject_smartrefreshbranch.html'></item><item text='dhtmlxtree api method dhtmlxtreeobject smartrefreshitem' id='dhtmlxtree___api_method_dhtmlxtreeobject_smartrefreshitem.html'></item><item text='dhtmlxtree api method dhtmlxtreeobject setformappearon' id='dhtmlxtree___api_method_dhtmlxtreeobject_setformappearon.html'></item><item text='dhtmlxtree api method dhtmlxtreeobject setformdisappearon' id='dhtmlxtree___api_method_dhtmlxtreeobject_setformdisappearon.html'></item><item text='dhtmlxtree api method dhtmlxtreeobject setonformdismissal' id='dhtmlxtree___api_method_dhtmlxtreeobject_setonformdismissal.html'></item><item text='dhtmlxtree api method dhtmlxtreeobject setonforminitialisation' id='dhtmlxtree___api_method_dhtmlxtreeobject_setonforminitialisation.html'></item><item text='dhtmlxtree api method dhtmlxtreeobject setuserdata' id='dhtmlxtree___api_method_dhtmlxtreeobject_setuserdata.html'></item><item text='dhtmlxtree api method dhtmlxtreeobject showitemform' id='dhtmlxtree___api_method_dhtmlxtreeobject_showitemform.html'></item><item text='dhtmlxtree api method dhtmlxtreeobject serializetree' id='dhtmlxtree___api_method_dhtmlxtreeobject_serializetree.html'></item><item text='dhtmlxtree api method dhtmlxtreeobject serializetreetojson' id='dhtmlxtree___api_method_dhtmlxtreeobject_serializetreetojson.html'></item><item text='dhtmlxtree api method dhtmlxtreeobject setserializationlevel' id='dhtmlxtree___api_method_dhtmlxtreeobject_setserializationlevel.html'></item><item text='dhtmlxtree api method dhtmlxtreeobject enabledraganddrop' id='dhtmlxtree___api_method_dhtmlxtreeobject_enabledraganddrop.html'></item><item text='dhtmlxtree api method dhtmlxtreeobject enabledraganddropscrolling' id='dhtmlxtree___api_method_dhtmlxtreeobject_enabledraganddropscrolling.html'></item><item text='dhtmlxtree api method dhtmlxtreeobject enableimagedrag' id='dhtmlxtree___api_method_dhtmlxtreeobject_enableimagedrag.html'></item><item text='dhtmlxtree api method dhtmlxtreeobject enablemercydrag' id='dhtmlxtree___api_method_dhtmlxtreeobject_enablemercydrag.html'></item><item text='dhtmlxtree api method dhtmlxtreeobject makealldraggable' id='dhtmlxtree___api_method_dhtmlxtreeobject_makealldraggable.html'></item><item text='dhtmlxtree api method dhtmlxtreeobject makedraggable' id='dhtmlxtree___api_method_dhtmlxtreeobject_makedraggable.html'></item><item text='dhtmlxtree api method dhtmlxtreeobject moveitem' id='dhtmlxtree___api_method_dhtmlxtreeobject_moveitem.html'></item><item text='dhtmlxtree api method dhtmlxtreeobject setdragbehavior' id='dhtmlxtree___api_method_dhtmlxtreeobject_setdragbehavior.html'></item><item text='dhtmlxtree api method dhtmlxtreeobject getallchecked' id='dhtmlxtree___api_method_dhtmlxtreeobject_getallchecked.html'></item><item text='dhtmlxtree api method dhtmlxtreeobject getallcheckedbranches' id='dhtmlxtree___api_method_dhtmlxtreeobject_getallcheckedbranches.html'></item><item text='dhtmlxtree api method dhtmlxtreeobject getallchildless' id='dhtmlxtree___api_method_dhtmlxtreeobject_getallchildless.html'></item><item text='dhtmlxtree api method dhtmlxtreeobject getallitemswithkids' id='dhtmlxtree___api_method_dhtmlxtreeobject_getallitemswithkids.html'></item><item text='dhtmlxtree api method dhtmlxtreeobject getallpartiallychecked' id='dhtmlxtree___api_method_dhtmlxtreeobject_getallpartiallychecked.html'></item><item text='dhtmlxtree api method dhtmlxtreeobject getallsubitems' id='dhtmlxtree___api_method_dhtmlxtreeobject_getallsubitems.html'></item><item text='dhtmlxtree api method dhtmlxtreeobject getallunchecked' id='dhtmlxtree___api_method_dhtmlxtreeobject_getallunchecked.html'></item><item text='dhtmlxtree api method dhtmlxtreeobject getchilditemidbyindex' id='dhtmlxtree___api_method_dhtmlxtreeobject_getchilditemidbyindex.html'></item><item text='dhtmlxtree api method dhtmlxtreeobject getdistributedparsingstate' id='dhtmlxtree___api_method_dhtmlxtreeobject_getdistributedparsingstate.html'></item><item text='dhtmlxtree api method dhtmlxtreeobject getindexbyid' id='dhtmlxtree___api_method_dhtmlxtreeobject_getindexbyid.html'></item><item text='dhtmlxtree api method dhtmlxtreeobject getitemcolor' id='dhtmlxtree___api_method_dhtmlxtreeobject_getitemcolor.html'></item><item text='dhtmlxtree api method dhtmlxtreeobject getitemidbyindex' id='dhtmlxtree___api_method_dhtmlxtreeobject_getitemidbyindex.html'></item><item text='dhtmlxtree api method dhtmlxtreeobject getitemimage' id='dhtmlxtree___api_method_dhtmlxtreeobject_getitemimage.html'></item><item text='dhtmlxtree api method dhtmlxtreeobject getitemparsingstate' id='dhtmlxtree___api_method_dhtmlxtreeobject_getitemparsingstate.html'></item><item text='dhtmlxtree api method dhtmlxtreeobject getitemtext' id='dhtmlxtree___api_method_dhtmlxtreeobject_getitemtext.html'></item><item text='dhtmlxtree api method dhtmlxtreeobject getitemtooltip' id='dhtmlxtree___api_method_dhtmlxtreeobject_getitemtooltip.html'></item><item text='dhtmlxtree api method dhtmlxtreeobject getlevel' id='dhtmlxtree___api_method_dhtmlxtreeobject_getlevel.html'></item><item text='dhtmlxtree api method dhtmlxtreeobject getopenstate' id='dhtmlxtree___api_method_dhtmlxtreeobject_getopenstate.html'></item><item text='dhtmlxtree api method dhtmlxtreeobject getparentid' id='dhtmlxtree___api_method_dhtmlxtreeobject_getparentid.html'></item><item text='dhtmlxtree api method dhtmlxtreeobject getselecteditemid' id='dhtmlxtree___api_method_dhtmlxtreeobject_getselecteditemid.html'></item><item text='dhtmlxtree api method dhtmlxtreeobject getselecteditemtext' id='dhtmlxtree___api_method_dhtmlxtreeobject_getselecteditemtext.html'></item><item text='dhtmlxtree api method dhtmlxtreeobject getsubitems' id='dhtmlxtree___api_method_dhtmlxtreeobject_getsubitems.html'></item><item text='dhtmlxtree api method dhtmlxtreeobject getuserdata' id='dhtmlxtree___api_method_dhtmlxtreeobject_getuserdata.html'></item><item text='dhtmlxtree api method dhtmlxtreeobject getxmlstate' id='dhtmlxtree___api_method_dhtmlxtreeobject_getxmlstate.html'></item><item text='dhtmlxtree api method dhtmlxtreeobject haschildren' id='dhtmlxtree___api_method_dhtmlxtreeobject_haschildren.html'></item><item text='dhtmlxtree api method dhtmlxtreeobject changeitemid' id='dhtmlxtree___api_method_dhtmlxtreeobject_changeitemid.html'></item><item text='dhtmlxtree api method dhtmlxtreeobject clearcut' id='dhtmlxtree___api_method_dhtmlxtreeobject_clearcut.html'></item><item text='dhtmlxtree api method dhtmlxtreeobject closeallitems' id='dhtmlxtree___api_method_dhtmlxtreeobject_closeallitems.html'></item><item text='dhtmlxtree api method dhtmlxtreeobject closeitem' id='dhtmlxtree___api_method_dhtmlxtreeobject_closeitem.html'></item><item text='dhtmlxtree api method dhtmlxtreeobject deletechilditems' id='dhtmlxtree___api_method_dhtmlxtreeobject_deletechilditems.html'></item><item text='dhtmlxtree api method dhtmlxtreeobject deleteitem' id='dhtmlxtree___api_method_dhtmlxtreeobject_deleteitem.html'></item><item text='dhtmlxtree api method dhtmlxtreeobject docut' id='dhtmlxtree___api_method_dhtmlxtreeobject_docut.html'></item><item text='dhtmlxtree api method dhtmlxtreeobject dopaste' id='dhtmlxtree___api_method_dhtmlxtreeobject_dopaste.html'></item><item text='dhtmlxtree api method dhtmlxtreeobject edititem' id='dhtmlxtree___api_method_dhtmlxtreeobject_edititem.html'></item><item text='dhtmlxtree api method dhtmlxtreeobject enableitemeditor' id='dhtmlxtree___api_method_dhtmlxtreeobject_enableitemeditor.html'></item><item text='dhtmlxtree api method dhtmlxtreeobject insertnewchild' id='dhtmlxtree___api_method_dhtmlxtreeobject_insertnewchild.html'></item><item text='dhtmlxtree api method dhtmlxtreeobject insertnewnext' id='dhtmlxtree___api_method_dhtmlxtreeobject_insertnewnext.html'></item><item text='dhtmlxtree api method dhtmlxtreeobject isitemchecked' id='dhtmlxtree___api_method_dhtmlxtreeobject_isitemchecked.html'></item><item text='dhtmlxtree api method dhtmlxtreeobject islocked' id='dhtmlxtree___api_method_dhtmlxtreeobject_islocked.html'></item><item text='dhtmlxtree api method dhtmlxtreeobject lockitem' id='dhtmlxtree___api_method_dhtmlxtreeobject_lockitem.html'></item><item text='dhtmlxtree api method dhtmlxtreeobject openallitems' id='dhtmlxtree___api_method_dhtmlxtreeobject_openallitems.html'></item><item text='dhtmlxtree api method dhtmlxtreeobject openallitemsdynamic' id='dhtmlxtree___api_method_dhtmlxtreeobject_openallitemsdynamic.html'></item><item text='dhtmlxtree api method dhtmlxtreeobject openitem' id='dhtmlxtree___api_method_dhtmlxtreeobject_openitem.html'></item><item text='dhtmlxtree api method dhtmlxtreeobject openitemsdynamic' id='dhtmlxtree___api_method_dhtmlxtreeobject_openitemsdynamic.html'></item><item text='dhtmlxtree api method dhtmlxtreeobject openonitemadded' id='dhtmlxtree___api_method_dhtmlxtreeobject_openonitemadded.html'></item><item text='dhtmlxtree api method dhtmlxtreeobject setitemcloseable' id='dhtmlxtree___api_method_dhtmlxtreeobject_setitemcloseable.html'></item><item text='dhtmlxtree api method dhtmlxtreeobject setitemtext' id='dhtmlxtree___api_method_dhtmlxtreeobject_setitemtext.html'></item><item text='dhtmlxtree api method dhtmlxtreeobject stopedit' id='dhtmlxtree___api_method_dhtmlxtreeobject_stopedit.html'></item><item text='dhtmlxtree api method dhtmlxtreeobject updateitem' id='dhtmlxtree___api_method_dhtmlxtreeobject_updateitem.html'></item><item text='dhtmlxtree api method dhtmlxtreeobject assignkeys' id='dhtmlxtree___api_method_dhtmlxtreeobject_assignkeys.html'></item><item text='dhtmlxtree api method dhtmlxtreeobject clearselection' id='dhtmlxtree___api_method_dhtmlxtreeobject_clearselection.html'></item><item text='dhtmlxtree api method dhtmlxtreeobject enablekeyboardnavigation' id='dhtmlxtree___api_method_dhtmlxtreeobject_enablekeyboardnavigation.html'></item><item text='dhtmlxtree api method dhtmlxtreeobject enablekeysearch' id='dhtmlxtree___api_method_dhtmlxtreeobject_enablekeysearch.html'></item><item text='dhtmlxtree api method dhtmlxtreeobject finditem' id='dhtmlxtree___api_method_dhtmlxtreeobject_finditem.html'></item><item text='dhtmlxtree api method dhtmlxtreeobject finditemidbylabel' id='dhtmlxtree___api_method_dhtmlxtreeobject_finditemidbylabel.html'></item><item text='dhtmlxtree api method dhtmlxtreeobject enablemultiselection' id='dhtmlxtree___api_method_dhtmlxtreeobject_enablemultiselection.html'></item><item text='dhtmlxtree api method dhtmlxtreeobject focusitem' id='dhtmlxtree___api_method_dhtmlxtreeobject_focusitem.html'></item><item text='dhtmlxtree api method dhtmlxtreeobject selectitem' id='dhtmlxtree___api_method_dhtmlxtreeobject_selectitem.html'></item><item text='dhtmlxtree api method dhtmlxtreeobject setcustomsortfunction' id='dhtmlxtree___api_method_dhtmlxtreeobject_setcustomsortfunction.html'></item><item text='dhtmlxtree api method dhtmlxtreeobject sorttree' id='dhtmlxtree___api_method_dhtmlxtreeobject_sorttree.html'></item></item></item></tree>