<tree id='0'><item text='index' id='index.html'><item text='dhtmlxconnector new in version 1.0' id='dhtmlxconnector___new_in_version_1.0.html'></item><item text='dhtmlxconnector toc what is dhtmlxconnector' id='dhtmlxconnector___toc_what_is_dhtmlxconnector.html'><item text='dhtmlxconnector initialization of dhtmlxconnector' id='dhtmlxconnector___initialization_of_dhtmlxconnector.html'><item text='dhtmlxconnector client side other components' id='dhtmlxconnector___client_side_other_components.html'></item></item><item text='dhtmlxconnector loading editing data' id='dhtmlxconnector___loading_editing_data.html'></item><item text='dhtmlxconnector filtering' id='dhtmlxconnector___filtering.html'></item><item text='dhtmlxconnector complex updates' id='dhtmlxconnector___complex_updates.html'></item><item text='dhtmlxconnector validating data' id='dhtmlxconnector___validating_data.html'></item><item text='dhtmlxconnector security' id='dhtmlxconnector___security.html'></item><item text='dhtmlxconnector select-box columns in grid' id='dhtmlxconnector___select-box_columns_in_grid.html'></item><item text='dhtmlxconnector defining grid structure on server side' id='dhtmlxconnector___defining_grid_structure_on_server_side.html'></item><item text='dhtmlxconnector data export' id='dhtmlxconnector___data_export.html'></item><item text='dhtmlxconnector keygrid connector' id='dhtmlxconnector___keygrid_connector.html'></item><item text='dhtmlxconnector group connector' id='dhtmlxconnector___group_connector.html'></item><item text='dhtmlxconnector multi-table tree' id='dhtmlxconnector___multi-table_tree.html'></item><item text='dhtmlxconnector select-box in scheduler' id='dhtmlxconnector___select-box_in_scheduler.html'></item><item text='dhtmlxconnector connectors and oracle' id='dhtmlxconnector___connectors_and_oracle.html'><item text='dhtmlxconnector server side others' id='dhtmlxconnector___server_side_others.html'></item></item><item text='dhtmlxconnector file system' id='dhtmlxconnector___file_system.html'></item><item text='dhtmlxconnector excel file' id='dhtmlxconnector___excel_file.html'></item><item text='dhtmlxconnector base concept' id='dhtmlxconnector___base_concept.html'></item><item text='dhtmlxconnector custom queries' id='dhtmlxconnector___custom_queries.html'></item></item><item text='dhtmlxconnector events system' id='dhtmlxconnector___events_system.html'><item text='dhtmlxconnector event beforesort' id='dhtmlxconnector___event_beforesort.html'></item><item text='dhtmlxconnector event beforefilter' id='dhtmlxconnector___event_beforefilter.html'><item text='dhtmlxconnector sorting' id='dhtmlxconnector___sorting.html'><item text='dhtmlxconnector url manipulation' id='dhtmlxconnector___url_manipulation.html'></item></item></item><item text='dhtmlxconnector event beforerender' id='dhtmlxconnector___event_beforerender.html'><item text='dhtmlxconnector formatting changing data before loading' id='dhtmlxconnector___formatting_changing_data_before_loading.html'></item></item><item text='dhtmlxconnector event beforeoutput' id='dhtmlxconnector___event_beforeoutput.html'></item><item text='dhtmlxconnector event beforeupdate' id='dhtmlxconnector___event_beforeupdate.html'></item><item text='dhtmlxconnector event beforeinsert' id='dhtmlxconnector___event_beforeinsert.html'></item><item text='dhtmlxconnector event beforedelete' id='dhtmlxconnector___event_beforedelete.html'></item><item text='dhtmlxconnector event afterupdate' id='dhtmlxconnector___event_afterupdate.html'></item><item text='dhtmlxconnector event afterinsert' id='dhtmlxconnector___event_afterinsert.html'></item><item text='dhtmlxconnector event afterdelete' id='dhtmlxconnector___event_afterdelete.html'></item><item text='dhtmlxconnector event beforeprocessing' id='dhtmlxconnector___event_beforeprocessing.html'></item><item text='dhtmlxconnector event afterprocessing' id='dhtmlxconnector___event_afterprocessing.html'></item><item text='dhtmlxconnector order of events execution' id='dhtmlxconnector___order_of_events_execution.html'></item></item><item text='dhtmlxconnector migration from older version' id='dhtmlxconnector___migration_from_older_version.html'></item><item text='dhtmlxconnector extending existing functionality' id='dhtmlxconnector___extending_existing_functionality.html'><item text='dhtmlxconnector protocol details' id='dhtmlxconnector___protocol_details.html'></item><item text='dhtmlxconnector porting connectors' id='dhtmlxconnector___porting_connectors.html'><item text='dhtmlxconnector xml format used by connector' id='dhtmlxconnector___xml_format_used_by_connector.html'></item></item></item><item text='dhtmlxconnector connector object' id='dhtmlxconnector___connector_object.html'><item text='dhtmlxconnector dynamical loading' id='dhtmlxconnector___dynamical_loading.html'></item><item text='dhtmlxconnector error handling and logging' id='dhtmlxconnector___error_handling_and_logging.html'></item></item><item text='dhtmlxconnector toc dhtmlxconnector event o' id='dhtmlxconnector___toc_dhtmlxconnector_event_o.html'><item text='dhtmlxconnector dataaction object' id='dhtmlxconnector___dataaction_object.html'></item><item text='dhtmlxconnector dataitem object' id='dhtmlxconnector___dataitem_object.html'></item><item text='dhtmlxconnector griddataitem treegriddataitem specific' id='dhtmlxconnector___griddataitem_treegriddataitem_specific.html'></item><item text='dhtmlxconnector treegriddataitem' id='dhtmlxconnector___treegriddataitem.html'></item><item text='dhtmlxconnector treedataitem' id='dhtmlxconnector___treedataitem.html'></item><item text='dhtmlxconnector combodataitem' id='dhtmlxconnector___combodataitem.html'></item><item text='dhtmlxconnector sortinterface object' id='dhtmlxconnector___sortinterface_object.html'></item><item text='dhtmlxconnector filterinterface object' id='dhtmlxconnector___filterinterface_object.html'></item></item></item></tree>